Id,Label
1,llq
1695,tzg
3,dns
4,dkp
5,fzx
88,hsc
7,qvt
8,dqr
2009,mzz
1791,spl
11,gvq
12,nql
13,mmh
1603,ngb
15,nvc
16,gkt
576,rhz
18,dvq
1032,zqg
2003,lpt
1763,fdm
1865,btx
23,ghj
24,nnd
25,znm
1812,ggz
27,fqd
1836,ptj
1766,ztp
30,llg
1393,pqx
32,vbf
1968,szn
1962,zcr
35,nsm
36,cch
37,fgv
38,fbq
39,dbv
2101,tts
41,ltb
42,kbc
1090,nhr
1931,jjj
45,vdf
46,vct
47,fcq
2076,fnv
1388,tgd
661,hjv
1401,drn
1548,mss
53,phg
54,fqj
55,gjh
56,xhj
57,rqs
58,zhk
59,qkb
60,xbd
1008,hlx
1535,svj
96,rph
1685,cbx
65,kgr
1959,htp
67,rfz
68,rhj
1878,vdt
496,pxz
1180,hzj
72,mll
73,cgb
1647,rdj
1135,tkc
1699,smj
1671,hgh
78,vvf
79,dlj
80,gxg
81,vdh
1182,hlf
83,hlg
84,cnz
1946,vtf
86,xnp
595,ltl
89,jnd
90,lcf
91,xtv
92,ptr
955,qfq
94,xcm
2047,zzt
566,tpj
757,cgh
99,gkv
100,xkx
101,fnq
102,fmh
1714,vpv
104,rkp
718,vfl
843,rrs
107,cjl
1150,cbz
109,rql
110,mdh
2104,plj
112,xrq
113,sjd
876,jvx
115,chn
116,bbb
117,ptc
118,srn
340,qgx
120,xrd
121,pkr
1911,qcn
1417,cfv
722,stg
1361,ssv
126,csr
127,tkx
128,chv
129,dsr
130,zhb
1170,sgt
132,zmb
133,lbl
134,pjp
1359,fjr
136,kbj
2068,cqf
138,kxt
2055,rrz
808,nlx
141,kxx
1852,tth
1002,sfh
144,qqd
720,nht
146,mgm
1282,xkh
148,jnj
1579,qtg
150,xpf
2065,lph
152,kfs
153,knj
1832,cjz
1309,qzc
1163,fzq
1498,lfc
158,mpr
1948,nvv
160,tgr
466,kkt
162,vkm
163,jkz
164,cpr
1257,hdn
1866,pmv
1973,djt
168,fth
1172,qpx
170,nth
171,fkx
2057,hkl
173,vbs
1228,crr
388,chr
1768,vpn
177,mjv
178,bnn
179,xcr
180,glv
181,hnh
182,rvs
1808,hqd
1918,qmr
185,xkb
2034,mfn
187,qml
188,lnk
189,dgh
1986,kch
1483,lbj
192,cls
1085,lsq
1178,ckn
1632,lrd
196,nhh
2059,jnp
198,nsh
985,xds
200,nsk
201,fhr
1686,tfr
203,lgs
1456,czk
205,bjg
1967,nmq
207,tjx
845,zht
209,fkv
1616,rbx
1319,xtf
1609,bjk
213,thk
214,fff
215,svn
1273,tbm
1718,jzk
218,nld
1704,sjp
220,fkq
1296,bxp
988,cps
1477,dtd
224,prx
1938,jfk
300,tkv
227,hjb
228,ctl
229,pbx
1792,lqm
1877,kzm
232,vfs
233,mbj
234,ggh
235,slj
236,bkf
237,rns
238,dmv
285,fmb
240,lxl
241,jvl
242,rdv
724,mpf
244,bdz
1943,xxs
246,mtd
390,nsr
248,zgd
249,fqb
250,dkd
251,scf
1102,xqh
253,mnc
1491,qrl
1643,qjc
1733,zrp
257,ftg
258,vnk
259,vfd
1872,kds
451,drk
1716,szg
263,fck
1926,lrv
265,ldm
1486,bdr
1284,skj
268,xgv
269,xmt
1580,lcj
1890,kcn
314,xvv
273,klq
274,xqn
275,dch
276,hpc
1930,rxl
278,lsh
279,fcv
948,bmv
281,pzb
282,hxk
1784,thc
1982,ndq
286,nnm
287,fvv
288,lxb
1159,vxr
290,cqp
291,xcs
1021,ngx
1096,qrj
1734,flm
295,bvk
296,csn
1820,qnq
298,gpc
299,bcd
301,gjf
302,sds
303,sbx
304,glb
1621,pzd
1604,frq
307,gxs
2041,lfr
309,slx
1453,jxx
574,qpg
593,dfc
313,zjf
315,bbp
316,gtv
317,zlt
318,ddl
2048,btz
1955,nvj
321,bmd
618,kcf
323,dkm
324,qlb
325,hdr
1969,rqp
921,dvp
1782,kfn
329,xqr
330,hlm
1322,kqj
332,rxb
333,psh
1367,hkz
335,jgz
1025,jcl
337,gss
338,kfk
1660,pfh
1457,ddr
342,lxn
343,mmf
344,snd
345,zjp
346,ctg
1115,zdx
1300,xdv
349,skc
350,qgt
351,cdb
857,ngq
353,cqg
1563,nqz
355,pvj
356,rjx
580,xkk
358,zgc
1404,grk
1105,bpd
361,ffc
706,xhk
1899,kfx
364,bvc
2089,phl
1409,glt
981,bxl
1785,tgs
369,mmr
370,lxz
1585,nlh
1659,mfd
373,qrf
374,lzp
1380,cpp
376,frj
1633,zpb
1567,sks
2046,rrp
1649,bfg
381,bmm
1789,rsn
1658,jzj
1777,qkk
385,lqv
386,mnt
1952,pnf
389,stz
391,sbz
392,khx
559,qnn
2086,vdr
395,kxs
396,hqn
397,drp
1588,rpc
2004,bng
400,jlk
401,pdz
402,plh
1133,gsr
810,tpk
405,nfr
1762,bhm
407,hpm
408,ths
409,jpg
410,pmc
411,gps
412,jts
2011,vpl
1521,gxm
415,xtc
1593,qpl
2067,qvk
418,hdt
1416,tbc
420,jpm
421,hmn
422,qzl
1900,lld
768,hcx
425,rmd
426,fxx
427,mvn
428,jks
429,hsh
1892,glj
431,cdf
432,rjh
433,lsc
1517,mzv
435,hbb
436,jmd
1814,nxm
893,xgh
860,ndt
440,htk
441,bch
442,ckh
2038,xgs
444,rvq
445,qkg
1854,njp
447,nrz
1719,bml
2113,dpt
450,vkq
1250,gtj
453,jqq
454,qjv
455,blr
1741,xck
457,ffg
2096,pmz
459,vgv
671,kxz
461,ssb
462,dvj
463,cqc
464,rnt
465,spg
1702,fqc
1936,gzp
469,cpj
1302,rbl
471,vxd
472,ldf
473,fqh
474,scs
2110,ntv
476,lnv
1605,qfh
478,kjg
479,dgc
1587,vnj
481,rcq
1769,fhd
483,nrh
484,smc
1410,rml
486,rfl
487,bfd
488,nkv
1236,rfv
490,fvm
491,skt
1142,pfv
493,jgs
494,fcp
1012,xtn
497,sqn
498,nkt
1857,msq
2072,bfn
501,cqj
502,nxs
937,ctc
504,pbp
505,qhl
506,xjf
507,fhl
1833,npg
2084,qfj
510,vsb
995,pdb
745,jmh
797,rdr
514,xvp
515,krl
1537,lhj
517,khj
1231,thd
519,fgs
1466,fbc
1276,ltm
522,qlk
1029,thj
524,xcx
1634,bfq
526,fnn
1423,khd
528,xsz
529,kpq
530,jrt
531,bck
1569,cbm
533,dbh
1935,gxx
535,nqs
752,zmq
543,scn
1313,hpz
539,mrn
540,tsc
1937,djf
2030,fmz
544,qkc
1007,fbx
1254,bmf
547,str
578,tqn
549,ftt
1211,xst
1451,cms
1940,pvc
1277,qjg
554,qbn
1513,blm
556,spt
674,rvd
1428,bbn
1977,rhh
561,ftv
562,rzd
1672,vkd
564,hzk
565,bvh
1502,rzj
568,vgh
569,ngf
570,mqn
571,zth
572,zkp
1736,lnd
575,gbx
577,hnq
579,zkm
1429,hmv
582,vqx
583,rrb
584,vjk
1068,rqh
703,dps
587,cbp
926,pkd
2020,dpc
882,mdf
591,snc
1823,mht
594,tgn
596,fsp
1217,dbs
598,kbg
1939,vqc
600,cdn
601,dpg
602,tkz
1576,kkv
604,czz
605,tjv
2078,fft
607,sqz
608,pgl
947,njs
610,kkr
697,bxb
612,qng
1526,nns
614,bgm
1663,knm
649,jfg
617,mlk
619,rhk
620,cjq
1831,cvj
1942,lls
1508,gct
624,fjt
1435,jvn
626,fkb
627,mqz
628,kgj
1571,mgq
630,knk
631,bjd
632,fdx
1979,qgm
1511,cpv
635,gsj
1893,dld
1317,jtv
638,xfg
943,jbq
1856,hrc
641,txl
642,vvh
1516,jcm
644,vnf
645,ssh
646,xlf
1754,vcq
648,grm
1240,jfm
651,cdh
1148,pbr
863,dgd
654,bcb
655,mqf
2039,kkk
657,vbv
2060,csf
2100,qxv
1570,nkq
806,mgn
663,gsd
664,khp
1786,plm
813,sjs
667,mns
1503,qdh
669,vjr
670,qpm
672,khz
1209,jkm
1994,vdb
1757,nrl
1027,sgf
678,bhx
679,bnx
680,fqv
681,mtc
682,bxn
888,dcf
1283,lzg
685,dxk
686,nnq
687,tqj
688,qfv
689,zrf
1552,kkc
691,vfr
692,kmb
693,psl
694,xnm
1208,lmj
1220,jjv
698,jcr
699,hbh
700,sth
701,nzc
1458,rgr
1705,fqx
705,xtd
1804,fjq
708,ljl
1194,dqm
710,xkc
711,tzq
712,qnk
1449,jhj
1608,fcs
715,xgd
716,qlj
1515,nhz
719,snh
1715,phn
723,kpf
1270,lnf
726,lnx
727,nnk
728,xrn
729,nch
730,rms
731,vvq
732,rjv
1623,gnt
734,dhl
735,nvl
1137,kmc
737,fxp
738,jzf
739,thl
2027,fzh
741,jfq
773,dcv
1689,dfj
744,zlm
746,jdc
2002,xzc
748,jrb
749,xpj
750,fcj
2091,vnv
753,fjc
2025,lxg
2115,gqd
1921,pbq
758,kvn
759,grh
760,gkf
761,chf
762,mpv
763,srj
1297,mfj
1958,zgp
2035,fhg
2105,fgb
769,rhx
770,dvb
2093,hxn
1299,gkb
897,hcb
775,bqv
776,gdx
1752,qlm
778,vfg
779,bnj
1407,gcr
2071,tkq
782,lbh
1793,kts
784,tmk
1095,xqg
1419,mjp
787,gln
1173,xjq
993,trn
790,lkc
791,fhp
1896,rxh
1875,tqp
794,zgh
795,zdg
796,kmv
2099,zzv
799,vbt
1811,qzj
1050,nbq
802,gxz
1999,mkz
804,hsr
1894,kld
1669,crz
809,dfp
2000,hfl
1327,kkp
886,tpf
1824,lxf
816,mls
817,ttq
1022,qcq
2070,kmf
820,ddj
1547,rbv
822,bmn
823,xcq
1490,hsq
1473,xcf
826,hbp
827,jzr
1895,dxm
829,dtx
830,gvx
831,rsg
832,jdg
833,flk
2064,xcc
1378,ldx
1221,dxn
837,nzn
838,jht
1927,psc
1479,vzj
1549,vbb
842,pbz
844,fxk
846,lvj
847,hbv
848,ssf
849,ngt
974,kpx
851,nnx
1006,xdt
853,rjg
854,fbt
1238,vrc
856,lsb
1712,qhs
1205,dkz
971,nrx
1059,zgv
864,bzr
1953,pkt
1213,tdq
1280,csj
868,rxn
869,hvd
870,znv
875,lxs
872,zqr
873,jcg
874,qnv
877,nrj
878,zzf
1455,xgl
1922,mhn
1413,hfs
883,dqv
1904,vbj
885,pfp
887,fmr
889,rsq
890,grb
1233,hzc
892,mvz
894,kfv
895,dcx
896,rpl
898,jpz
1691,msb
900,bcl
1434,ngs
902,kpv
1171,kzs
904,kqs
905,lhr
906,lfj
907,nst
1989,dzj
909,trb
1713,mgx
911,kcd
1974,brr
1664,dbj
914,mbm
915,bzq
1901,kxr
989,fmp
1933,qrk
919,stp
1381,jtc
922,dtr
1100,tsm
924,ssc
925,vhl
1539,xzn
1559,glm
1990,dks
930,mkj
931,bqz
932,ksj
1835,cmg
1474,fds
935,cgc
936,mvt
1947,czr
939,lqf
940,mvp
941,rts
942,sln
944,trz
945,sgp
946,ldr
1915,dtj
1122,ckr
951,jcc
2029,jrs
953,lvx
1834,xzm
1165,gjj
957,bqd
1912,gpv
1529,mch
1662,txz
961,qdc
962,qgv
1121,hzq
1406,kzf
1646,zkj
2051,kbb
967,jml
973,cmp
1315,rmr
1767,llt
972,gdj
1920,vmv
2024,qzd
977,pvv
978,bdc
979,gsm
1421,xrl
1016,fkt
1120,sqd
1748,dhq
1363,ffs
987,fvf
990,ltv
991,tdp
992,dsv
1916,xnl
996,mcr
997,nkn
998,trq
999,hfb
2106,hhj
1001,rxr
2066,bjf
1004,qtm
1005,tjh
1009,rpn
1463,dxl
1544,mcn
1013,rmt
1014,mzj
1543,fns
1017,rzx
1175,rnl
1019,lbc
1810,gck
1023,kkz
1109,dmt
1414,qxc
1028,lkk
1030,xtl
1396,lrn
1033,qzz
1795,dgg
1863,bts
1036,ntq
2073,lpl
1692,jtr
1039,pph
1828,xjd
1382,jhq
1042,fgh
1043,hhp
1204,tbb
1045,cmd
1049,nmf
1770,zlz
1048,mlj
1572,mrm
1052,ccx
2028,trj
1214,khb
1055,jqg
1056,vdm
1395,gjl
1058,xjs
1286,sst
1061,ppx
1062,gsc
1063,dkq
1862,qvz
1065,xhl
1066,dbx
1696,jfz
1069,vjt
1415,pkv
1071,hqh
1072,njx
2092,vbr
1074,tzz
1075,zcq
1076,qsk
1803,mjb
1078,skv
1079,xsc
1080,dgf
1081,zcx
1082,nrq
1708,vhf
2056,mgk
1086,hkk
1087,zxc
1886,gkj
1089,lqj
1091,mfh
1369,srs
1848,ttb
1274,tmz
1910,dcl
1098,mkq
1482,pqg
2050,rmm
1103,jgc
1104,nbc
1106,trg
1617,bfk
1108,mgf
1110,fkk
1111,crx
1112,qct
1113,ntg
1114,jzc
1116,kcp
1117,klb
1118,cqs
1119,jnz
1123,tdm
2015,jxd
1125,xhr
1126,mft
1698,sjl
1128,njr
1641,czc
1618,cqh
1246,qkv
1954,fnl
1988,qps
1136,fgc
1138,mpm
1183,qjb
1140,xzp
1141,bnz
1694,pdh
1144,qsm
1166,mlc
1507,lsl
1147,ztv
1149,fvg
1151,vfv
1152,qsh
1817,zdj
1154,rlf
1155,dcp
1499,sts
1674,qmj
1158,jtf
1160,gbz
1161,fbg
1162,rqb
2053,fzc
1167,hrq
1168,htr
1624,zjt
1174,fbm
1512,tzr
1996,lqq
1447,dkj
1181,msv
1184,clh
1185,bnv
1186,qpf
1187,rjl
1188,kqp
1919,lsm
1847,xql
1191,znl
1626,dvr
1193,lhn
1613,ttk
1196,nxj
1387,phr
2018,rvc
1199,jsd
2032,nbd
1201,zzc
1501,bkg
1203,mnn
1206,tbr
1207,rvb
1210,ngd
1212,bds
1215,glh
1216,tsj
1218,ttm
1760,xtj
1222,crk
1223,xxp
1224,pgh
1850,hrm
1226,qdz
1444,cdk
1229,chj
1637,hvc
1882,xbn
1234,flv
1898,lfb
1237,zsv
2037,sgr
1661,ssd
1242,lmg
1861,jkt
1577,tcm
1245,kdc
1247,cdx
1248,npp
1620,vmn
1251,pxn
1252,mfl
1602,ntn
1255,zzb
2077,shk
1258,rmf
1259,ddn
1366,mzr
1261,gcq
1262,qgd
2108,qgg
1891,bsc
1758,gvk
1642,fdn
1267,sht
1268,jpf
1294,cnr
1271,tqc
1272,qlv
1275,xnr
1278,shn
1830,hlh
1992,bvn
1285,vrl
1287,tgf
1304,bst
2036,sbq
1556,gjk
1724,zsj
1292,kbn
1636,fvr
1295,clp
1298,bqg
2058,fjs
1722,lms
1305,bpl
1306,nlq
1851,dlb
1308,gdz
1310,rzq
2061,gpl
1312,pqz
1314,pmt
2042,lnl
1318,hzt
1320,bhd
1321,mml
1323,kvr
1324,dfx
1825,tnt
1541,xxq
1328,nzx
1917,pjv
2016,bgv
1331,knf
1332,mbk
1874,pft
1334,btd
1484,kzd
2111,sgj
1337,sqq
1386,xrt
1339,blq
1340,mtt
1596,hrx
1342,jsr
1343,xch
1344,kpg
1345,tct
1346,mfp
1347,prd
1348,xfc
2005,fqs
1350,bbs
1351,pzq
1538,vrr
1353,trr
1354,tvp
1355,xpx
1558,hgq
1464,zpc
2040,zhn
1360,tbl
2102,tlp
1364,fxm
1600,nfn
1956,bqp
1400,njg
1985,kgx
1372,nvz
1373,dbg
1374,rbs
1728,skd
1376,xbl
1822,bhk
1697,ttn
1383,xmd
1650,nll
1385,lcx
1815,xls
1487,qsl
1391,vlm
1960,msj
1394,lqh
1397,shm
1398,fzt
1654,jqn
1402,jxf
1403,vtx
1405,rdd
1408,sgq
1411,mcl
1514,vdc
1418,fgp
1420,vcm
1883,ddt
1806,tzk
1425,xgc
1997,lfk
1427,jdf
1430,pzz
1431,rvp
1849,zgr
1709,nmg
1975,qrm
1437,srf
1438,rgd
1439,xtb
1506,lfh
1950,qqt
1442,rlp
1553,kdb
1445,ctf
1966,pqr
1448,drq
1845,zxg
1452,tzp
2026,dvg
1459,mxq
1460,vxq
1991,qcp
1462,rnr
1465,krd
1467,ptk
2049,prc
1469,nbv
1470,xjk
1497,grt
1472,fnb
1475,jtj
1667,hhm
1478,vtb
1480,ffp
1481,jsb
1485,hrn
1488,xzf
1489,dxv
1492,kjs
2021,xsv
1494,jxp
1945,fqk
1496,vpb
2083,fzv
1504,clq
1505,sfc
1509,bft
2097,fpl
1518,sdz
1750,zft
2090,hjc
1522,pcn
1737,trs
1524,jfn
1735,mqg
1527,nfd
2033,zfz
1687,klc
1531,hpg
1532,vxm
1678,kcb
2114,qbm
1536,dnj
1801,gzm
1562,hfq
1545,kjj
1546,hpl
1550,dfk
1673,mjt
1554,vxl
1555,fzb
1995,rlh
1560,ccg
1561,vks
1564,smt
1816,tnm
1566,qfp
1787,jvm
1573,vlj
1993,ddd
1944,rdl
1578,fpq
1581,dkc
1582,mhs
1677,mjj
1584,xpn
1586,ltg
1589,dnp
1590,fsh
1591,sjh
1703,cbd
1594,ktj
1773,dck
1597,lth
1598,jhn
1888,fvc
1727,crc
1606,kpl
1607,tkr
1932,rbg
1611,zgz
1612,zlk
1614,fnz
1976,cnk
2109,lvb
1622,zvg
1625,lqn
1627,vjp
1628,kgf
1981,lkb
1711,trv
1631,pzr
1635,lzk
1638,gnv
1639,xvr
1903,flc
1644,nzf
1853,lgk
1648,phf
1651,btp
1914,vhc
1653,sxb
1655,slp
1656,zcz
1657,qjn
1665,rvh
1805,xmx
1668,dts
1670,mjl
1675,pln
1747,pvz
1679,jll
1680,bqx
1681,pqt
1682,jrx
1683,qtl
2008,fkg
1688,xvj
1690,zkz
1701,vlf
2045,tqz
1871,zcf
1707,jtx
1710,mlp
2017,qqg
1720,fbj
1721,zdm
1723,fzm
1725,ldp
2031,trp
1729,ntr
1984,zzr
1731,kgl
1776,hxp
1738,bjp
2013,qzm
1740,tpn
1742,jjp
1743,cgp
2107,zcm
1745,pgq
1746,nfz
1749,xpm
1907,znk
1753,mdc
1755,qxf
1821,ltx
1869,xlc
1761,vng
1764,dpr
1765,pjt
1771,zkb
1772,bdd
1774,vkg
1837,htl
1778,sgc
1970,hqb
1780,gjg
1781,jvc
1783,msm
1788,mjn
1790,zqd
1794,hjq
1796,nkk
1913,qsn
1798,thr
1799,vmx
1924,tfb
2014,xrx
1807,qnt
1809,gpz
1813,gbj
1818,pjm
1819,gjb
1902,zlb
1827,dml
1829,rpf
2010,shq
1839,kpn
1840,gmm
2062,lzq
1842,pgr
2098,hgn
1844,jqf
1846,mhk
1855,fzn
1858,ssr
2094,hsn
1860,frx
1864,vzd
1867,khk
1868,qmg
1870,tmf
2079,gdf
1908,fbp
1879,vqk
2080,hzd
1881,stm
1884,ttv
1885,frl
1887,ntf
1889,vxp
1897,srb
1905,bps
1906,xlv
1909,hpj
1923,vxg
1925,ghk
1928,clc
1929,jjb
1934,hgd
1941,vcv
1949,qpb
1951,fgx
1957,pcf
1961,flp
1963,dlm
1964,ksc
1965,pnh
1971,dql
1972,fkh
1978,frt
1980,kxc
1983,vxt
1987,xcp
1998,jxk
2001,dnl
2006,csz
2007,lgg
2012,klh
2019,qll
2022,xhs
2023,gzh
2043,phk
2044,mtg
2052,kns
2054,jtk
2112,dtb
2069,sxf
2074,gkx
2075,gpn
2081,fbz
2082,btj
2085,chl
2087,tnq
2088,sbf
2095,ckt
2103,vms
